,Название,Код,Цена,Рейтинг,Срок(месяца),Величина купона(-13%),Номинал,Выплат в год,Доходность(год),Доходность(все время),Доходность(% в год),Ссылка
0,Ferroni выпуск 1,RU000A103XP8,836.9,Низкий,21.0,9.22,1000.0,12.0,110.64,9.22,13.22,https://www.tinkoff.ru/invest/bonds/RU000A103XP8/
1,Роснано выпуск 8,RU000A1008V9,861.1,Средний,51.0,58.2,1000.0,2.0,116.4,1455.0,13.52,https://www.tinkoff.ru/invest/bonds/RU000A1008V9/
2,Руссойл БО-01,RU000A1074E7,973.5,Низкий,33.0,,,,,,,https://www.tinkoff.ru/invest/bonds/RU000A1074E7/
3,СПМК БО-02,RU000A106FN3,942.6,Низкий,41.0,,,,,,,https://www.tinkoff.ru/invest/bonds/RU000A106FN3/
4,ВТБ СУБ выпуск 1,RU000A102QJ7,7587442.5,Средний,,,,,,,,https://www.tinkoff.ru/invest/bonds/RU000A102QJ7/
5,М.Видео выпуск 4,RU000A106540,833.2,Низкий,27.0,28.27,1000.0,4.0,113.08,169.62,13.57,https://www.tinkoff.ru/invest/bonds/RU000A106540/
6,ВТБ СУБ выпуск 5,RU000A1034P7,6330000.0,Средний,,,,,,,,https://www.tinkoff.ru/invest/bonds/RU000A1034P7/
7,Alfa Bank,RU000A100GW5,7900000.0,Средний,,,,,,,,https://www.tinkoff.ru/invest/bonds/RU000A100GW5/
8,М.Видео выпуск 3,RU000A104ZK2,816.9,Низкий,18.0,26.71,1000.0,4.0,106.84,106.84,13.08,https://www.tinkoff.ru/invest/bonds/RU000A104ZK2/
9,Сегежа Групп 003P-02R,RU000A105SP3,826.5,Средний,168.0,22.97,1000.0,4.0,91.88,964.74,11.12,https://www.tinkoff.ru/invest/bonds/RU000A105SP3/
10,Сегежа 002P выпуск 1,RU000A1041B2,876.0,Средний,154.0,42.72,1000.0,2.0,85.44,3289.44,9.75,https://www.tinkoff.ru/invest/bonds/RU000A1041B2/
11,Сегежа 002P выпуск 5,RU000A1053P7,757.0,Средний,163.0,46.11,1000.0,2.0,92.22,3734.91,12.18,https://www.tinkoff.ru/invest/bonds/RU000A1053P7/
12,Нафтатранс Плюс выпуск 2,RU000A100YD8,3979.4132,Низкий,8.0,42.8,3997.0,12.0,513.6,0.0,12.91,https://www.tinkoff.ru/invest/bonds/RU000A100YD8/
13,РКК выпуск 3,RU000A106GZ5,871.7,Средний,54.0,,,,,,,https://www.tinkoff.ru/invest/bonds/RU000A106GZ5/
14,Боржоми выпуск 1,RU000A102SK1,976.3,Средний,25.0,32.19,1000.0,2.0,64.38,386.28,6.59,https://www.tinkoff.ru/invest/bonds/RU000A102SK1/
15,МФК Эйрлоанс выпуск 1,RU000A1043L7,921.0,Низкий,16.0,9.4,1000.0,12.0,112.8,9.4,12.25,https://www.tinkoff.ru/invest/bonds/RU000A1043L7/
16,М.Видео выпуск 1,RU000A103117,964.5,Низкий,3.0,47.68,1000.0,2.0,95.36,47.68,9.89,https://www.tinkoff.ru/invest/bonds/RU000A103117/
17,МФК ЦФП выпуск 2,RU000A103GL2,952.9,Низкий,6.0,9.22,1000.0,12.0,110.64,0.0,11.61,https://www.tinkoff.ru/invest/bonds/RU000A103GL2/
18,М.Видео выпуск 2,RU000A103HT3,920.0,Низкий,7.0,17.49,1000.0,4.0,69.96,17.49,7.6,https://www.tinkoff.ru/invest/bonds/RU000A103HT3/
19,РКК выпуск 1,RU000A105VP7,959.1,Низкий,25.0,41.15,1000.0,4.0,164.6,246.9,17.16,https://www.tinkoff.ru/invest/bonds/RU000A105VP7/
20,Эфферон выпуск 1,RU000A105H98,870.3,Низкий,46.0,29.23,1000.0,4.0,116.92,321.53,13.43,https://www.tinkoff.ru/invest/bonds/RU000A105H98/
21,НИКА обб01,RU000A1050X7,948.8,Низкий,19.0,32.19,1000.0,4.0,128.76,128.76,13.57,https://www.tinkoff.ru/invest/bonds/RU000A1050X7/
22,АПРИ Флай Плэнинг БО-П05,RU000A104WA0,985.0,Низкий,17.0,38.98,1000.0,4.0,155.92,155.92,15.83,https://www.tinkoff.ru/invest/bonds/RU000A104WA0/
23,АПРИ Флай Плэнинг выпуск 3,RU000A106WZ2,998.0,Низкий,44.0,45.5,1000.0,4.0,182.0,500.5,18.24,https://www.tinkoff.ru/invest/bonds/RU000A106WZ2/
24,АПРИ Флай Плэнинг БО-2Р-02,RU000A106631,964.8,Низкий,39.0,38.98,1000.0,4.0,155.92,350.82,16.16,https://www.tinkoff.ru/invest/bonds/RU000A106631/
25,АПРИ Флай Плэнинг БО-П5,RU000A103N19,912.0,Низкий,20.0,28.19,1000.0,4.0,112.76,140.95,12.36,https://www.tinkoff.ru/invest/bonds/RU000A103N19/
26,РКК выпуск 2,RU000A105ZW4,939.9,Средний,38.0,38.98,1000.0,4.0,155.92,350.82,16.59,https://www.tinkoff.ru/invest/bonds/RU000A105ZW4/
27,Сегежа 002P выпуск 3,RU000A104FG2,992.6,Средний,156.0,23.58,1000.0,4.0,94.32,919.62,9.5,https://www.tinkoff.ru/invest/bonds/RU000A104FG2/
28,АПРИ Флай Плэнинг,RU000A105DS9,1002.3,Средний,34.0,45.5,1000.0,4.0,182.0,364.0,18.16,https://www.tinkoff.ru/invest/bonds/RU000A105DS9/
29,Транс-Миссия БО-02,RU000A107FG5,1000.0,Средний,47.0,14.44,1000.0,12.0,173.28,43.32,17.33,https://www.tinkoff.ru/invest/bonds/RU000A107FG5/
30,Кировский завод выпуск 2,RU000A102UZ5,977.4,Средний,26.0,20.53,1000.0,4.0,82.12,123.18,8.4,https://www.tinkoff.ru/invest/bonds/RU000A102UZ5/
31,МФК Мани Мен выпуск 3,RU000A103PS8,949.0,Средний,8.0,8.7,1000.0,12.0,104.4,0.0,11.0,https://www.tinkoff.ru/invest/bonds/RU000A103PS8/
32,Пионер-Лизинг-БО-П02,RU000A1006C3,1070.3,Низкий,60.0,15.14,1000.0,12.0,181.68,75.7,16.97,https://www.tinkoff.ru/invest/bonds/RU000A1006C3/
33,Литана выпуск 1,RU000A1032S5,976.3,Низкий,4.0,28.19,1000.0,4.0,112.76,28.19,11.55,https://www.tinkoff.ru/invest/bonds/RU000A1032S5/
34,Фордевинд2,RU000A106DK4,930.0,Низкий,29.0,11.4,1000.0,12.0,136.8,22.8,14.71,https://www.tinkoff.ru/invest/bonds/RU000A106DK4/
35,Феррони БО-02,RU000A105P64,967.3,Низкий,23.0,,,,,,,https://www.tinkoff.ru/invest/bonds/RU000A105P64/
36,Роснано БО-002P выпуск 4,RU000A101KK0,968.9,Низкий,2.0,14.79,1000.0,4.0,59.16,0.0,6.11,https://www.tinkoff.ru/invest/bonds/RU000A101KK0/
37,МигКредит БО-03,RU000A106UK8,982.5,Низкий,31.0,11.92,1000.0,12.0,143.04,23.84,14.56,https://www.tinkoff.ru/invest/bonds/RU000A106UK8/
38,Фордевинд 03,RU000A106Q47,925.0,Низкий,36.0,11.4,1000.0,12.0,136.8,34.2,14.79,https://www.tinkoff.ru/invest/bonds/RU000A106Q47/
39,AzurDrive выпуск 1,RU000A106TJ2,931.1,Низкий,43.0,11.4,1000.0,12.0,136.8,34.2,14.69,https://www.tinkoff.ru/invest/bonds/RU000A106TJ2/
40,Агрофирма-племзавод Победа выпуск 1,RU000A102S23,986.9,Низкий,1.0,21.14,1000.0,4.0,84.56,0.0,8.57,https://www.tinkoff.ru/invest/bonds/RU000A102S23/
41,МФК ВЭББАНКИР выпуск 1,RU000A103F43,965.9,Низкий,12.0,9.05,1000.0,12.0,108.6,9.05,11.24,https://www.tinkoff.ru/invest/bonds/RU000A103F43/
42,Пионер-Лизинг-БО-П04,RU000A102LF6,999.8,Низкий,83.0,,,,,,,https://www.tinkoff.ru/invest/bonds/RU000A102LF6/
43,Фордевинд 04,RU000A106SE5,951.9,Низкий,37.0,12.09,1000.0,12.0,145.08,36.27,15.24,https://www.tinkoff.ru/invest/bonds/RU000A106SE5/
44,МФК Лайм-Займ 1Р-02,RU000A106CJ8,864.0,Низкий,28.0,10.61,900.0,12.0,127.32,21.22,14.74,https://www.tinkoff.ru/invest/bonds/RU000A106CJ8/
45,ДиректЛизинг БО 002Р-02,RU000A1078X8,983.20167,Низкий,58.0,13.31,983.3,12.0,159.72,53.24,16.24,https://www.tinkoff.ru/invest/bonds/RU000A1078X8/
46,АСПЭК-Домстрой выпуск 1,RU000A104B53,972.8,Низкий,11.0,31.41,1000.0,4.0,125.64,62.82,12.92,https://www.tinkoff.ru/invest/bonds/RU000A104B53/
47,Быстроденьги выпуск 2,RU000A102ZT7,984.5,Низкий,3.0,9.05,1000.0,12.0,108.6,0.0,11.03,https://www.tinkoff.ru/invest/bonds/RU000A102ZT7/
48,Славянск ЭКО выпуск 1,RU000A103WB0,939.0,Средний,33.0,23.84,1000.0,4.0,95.36,190.72,10.16,https://www.tinkoff.ru/invest/bonds/RU000A103WB0/
49,НЗРМ БО-01,RU000A104EP6,999.0,Средний,35.0,,,,,,,https://www.tinkoff.ru/invest/bonds/RU000A104EP6/
50,МФК Лайм-Займ выпуск 2,RU000A105AJ4,809.6,Низкий,21.0,11.4,800.0,12.0,136.8,11.4,16.9,https://www.tinkoff.ru/invest/bonds/RU000A105AJ4/
51,МФК Лайм-Займ 001Р-03,RU000A107795,992.5,Низкий,34.0,14.27,1000.0,12.0,171.24,28.54,17.25,https://www.tinkoff.ru/invest/bonds/RU000A107795/
52,Онлайн Микрофинанс выпуск 1,RU000A103406,975.2,Средний,4.0,8.87,1000.0,12.0,106.44,0.0,10.91,https://www.tinkoff.ru/invest/bonds/RU000A103406/
53,МФК Фордевинд,RU000A105849,846.72,Низкий,20.0,11.92,840.0,12.0,143.04,11.92,16.89,https://www.tinkoff.ru/invest/bonds/RU000A105849/
54,МФК ЦФП выпуск 1,RU000A102T55,989.1,Низкий,1.0,9.57,1000.0,12.0,114.84,0.0,11.61,https://www.tinkoff.ru/invest/bonds/RU000A102T55/
55,Пионер-Лизинг-БО-П03,RU000A1013N6,1060.2,Низкий,69.0,14.96,1000.0,12.0,179.52,74.8,16.93,https://www.tinkoff.ru/invest/bonds/RU000A1013N6/
56,МигКредит БО-02,RU000A106KT0,948.9,Низкий,30.0,10.53,1000.0,12.0,126.36,21.06,13.32,https://www.tinkoff.ru/invest/bonds/RU000A106KT0/
57,Айди Коллект выпуск 3,RU000A1065M8,933.9,Низкий,27.0,10.7,1000.0,12.0,128.4,21.4,13.75,https://www.tinkoff.ru/invest/bonds/RU000A1065M8/
58,Селлер выпуск 1,RU000A106KY0,991.8,Низкий,18.0,12.79,1000.0,12.0,153.48,12.79,15.47,https://www.tinkoff.ru/invest/bonds/RU000A106KY0/
59,Быстроденьги 2P-02,RU000A106B51,946.6,Низкий,34.0,11.4,1000.0,12.0,136.8,22.8,14.45,https://www.tinkoff.ru/invest/bonds/RU000A106B51/
60,Глобал Факторинг Нетворк Рус выпуск 3,RU000A106LS0,924.8,Низкий,42.0,10.53,1000.0,12.0,126.36,31.59,13.66,https://www.tinkoff.ru/invest/bonds/RU000A106LS0/
61,Роял Капитал,RU000A104UF3,953.5,Низкий,17.0,32.19,1000.0,4.0,128.76,128.76,13.5,https://www.tinkoff.ru/invest/bonds/RU000A104UF3/
62,Фармфорвард БО-01,RU000A107BD1,1000.9,Средний,34.0,,,,,,,https://www.tinkoff.ru/invest/bonds/RU000A107BD1/
63,МФК ВЭББАНКИР выпуск 4,RU000A106Y88,958.0,Низкий,38.0,14.27,1000.0,12.0,171.24,42.81,17.87,https://www.tinkoff.ru/invest/bonds/RU000A106Y88/
64,ТЕХНО Лизинг выпуск 5,RU000A103TS0,829.4,Средний,44.0,8.18,1000.0,12.0,98.16,24.54,11.84,https://www.tinkoff.ru/invest/bonds/RU000A103TS0/
65,Роял Капитал выпуск 9,RU000A106JC8,926.5,Низкий,30.0,32.19,1000.0,4.0,128.76,225.33,13.9,https://www.tinkoff.ru/invest/bonds/RU000A106JC8/
66,Трейдберри БО-01,RU000A106VN0,995.6,Средний,32.0,,,,,,,https://www.tinkoff.ru/invest/bonds/RU000A106VN0/
67,Соби-Лизинг 001Р-04,RU000A107EE3,1008.3,Средний,35.0,13.57,1000.0,12.0,162.84,27.14,16.15,https://www.tinkoff.ru/invest/bonds/RU000A107EE3/
68,ПИМ выпуск 2,RU000A106NT4,926.0,Низкий,31.0,31.41,1000.0,4.0,125.64,219.87,13.57,https://www.tinkoff.ru/invest/bonds/RU000A106NT4/
69,МФК Лайм-Займ выпуск 1,RU000A104AX8,588.6,Низкий,11.0,21.75,600.0,4.0,87.0,43.5,14.78,https://www.tinkoff.ru/invest/bonds/RU000A104AX8/
70,Айди Коллект выпуск 2,RU000A104JV3,979.4,Низкий,13.0,11.74,1000.0,12.0,140.88,11.74,14.38,https://www.tinkoff.ru/invest/bonds/RU000A104JV3/
71,Ника 001P-02,RU000A106U74,961.9,Средний,56.0,,,,,,,https://www.tinkoff.ru/invest/bonds/RU000A106U74/
72,АйДи Коллект выпуск 1,RU000A103HG0,965.8,Низкий,6.0,8.53,1000.0,12.0,102.36,0.0,10.6,https://www.tinkoff.ru/invest/bonds/RU000A103HG0/
73,ГазТрансСнаб 001Р-01,RU000A1075D6,1032.7,Средний,57.0,43.33,1000.0,4.0,173.32,606.62,16.78,https://www.tinkoff.ru/invest/bonds/RU000A1075D6/
74,ГЛОРАКС 01,RU000A1053W3,936.6,Средний,19.0,29.58,1000.0,4.0,118.32,118.32,12.63,https://www.tinkoff.ru/invest/bonds/RU000A1053W3/
75,АСВ выпуск 1,RU000A106RB3,968.3,Низкий,31.0,36.8,1000.0,4.0,147.2,257.6,15.2,https://www.tinkoff.ru/invest/bonds/RU000A106RB3/
76,Талан-Финанс выпуск 3,RU000A1043B8,954.7,Средний,16.0,28.19,1000.0,4.0,112.76,112.76,11.81,https://www.tinkoff.ru/invest/bonds/RU000A1043B8/
77,ТЕХНО Лизинг выпуск 3,RU000A102234,930.0,Средний,19.0,8.87,1000.0,12.0,106.44,8.87,11.45,https://www.tinkoff.ru/invest/bonds/RU000A102234/
78,Селлер выпуск 2,RU000A106X30,995.0,Низкий,32.0,12.79,1000.0,12.0,153.48,25.58,15.43,https://www.tinkoff.ru/invest/bonds/RU000A106X30/
79,МФК Саммит 1P-01,RU000A105UZ8,1011.2,Низкий,25.0,13.92,1000.0,12.0,167.04,27.84,16.52,https://www.tinkoff.ru/invest/bonds/RU000A105UZ8/
80,УК ОРГ выпуск 2,RU000A106L67,967.0,Низкий,30.0,11.74,1000.0,12.0,140.88,23.48,14.57,https://www.tinkoff.ru/invest/bonds/RU000A106L67/
81,Электроаппарат БО-01,RU000A104WZ7,988.8,Низкий,29.0,,,,,,,https://www.tinkoff.ru/invest/bonds/RU000A104WZ7/
82,Плаза-Телеком БО-01,RU000A106YD5,991.8,Низкий,32.0,,,,,,,https://www.tinkoff.ru/invest/bonds/RU000A106YD5/
83,ТЕХНО Лизинг выпуск 4,RU000A1032X5,871.7,Средний,27.0,7.66,1000.0,12.0,91.92,15.32,10.54,https://www.tinkoff.ru/invest/bonds/RU000A1032X5/
84,Мосрегионлифт БО-02,RU000A106DJ6,985.3,Низкий,40.0,,,,,,,https://www.tinkoff.ru/invest/bonds/RU000A106DJ6/
85,Пионер-Лизинг,RU000A104V00,1000.5,Низкий,99.0,11.92,1000.0,12.0,143.04,95.36,14.3,https://www.tinkoff.ru/invest/bonds/RU000A104V00/
86,МФК ВЭББАНКИР 1P-02,RU000A105575,909.4,Низкий,25.0,11.4,1000.0,12.0,136.8,22.8,15.04,https://www.tinkoff.ru/invest/bonds/RU000A105575/
87,Хайтэк-Интеграция 1P-01,RU000A106151,945.1,Средний,26.0,32.19,1000.0,4.0,128.76,193.14,13.62,https://www.tinkoff.ru/invest/bonds/RU000A106151/
88,А Девелопмент,RU000A104FX7,953.6,Низкий,12.0,30.02,1000.0,4.0,120.08,90.06,12.59,https://www.tinkoff.ru/invest/bonds/RU000A104FX7/
89,Завод КЭС выпуск 4,RU000A106QS9,899.0,Низкий,55.0,31.41,1000.0,4.0,125.64,408.33,13.98,https://www.tinkoff.ru/invest/bonds/RU000A106QS9/
90,АйДи Коллект выпуск 6,RU000A107C34,1002.9,Средний,34.0,12.79,1000.0,12.0,153.48,25.58,15.3,https://www.tinkoff.ru/invest/bonds/RU000A107C34/
91,МигКредит об01,RU000A103DA2,276.248,Низкий,5.0,2.44,280.0,12.0,29.28,0.0,10.6,https://www.tinkoff.ru/invest/bonds/RU000A103DA2/
92,СмартФ1Р01,RU000A106CM2,955.5,Низкий,29.0,34.1,1000.0,4.0,136.4,238.7,14.28,https://www.tinkoff.ru/invest/bonds/RU000A106CM2/
93,ИЛС БО-01-001P,RU000A107BH2,1024.0,Средний,34.0,13.57,1000.0,12.0,162.84,27.14,15.9,https://www.tinkoff.ru/invest/bonds/RU000A107BH2/
94,МФК Займер выпуск 3,RU000A103QJ5,491.74125,Низкий,8.0,4.52,500.5,12.0,54.24,0.0,11.03,https://www.tinkoff.ru/invest/bonds/RU000A103QJ5/
95,УК ОРГ выпуск 3,RU000A106UB7,974.2,Низкий,31.0,11.74,1000.0,12.0,140.88,23.48,14.46,https://www.tinkoff.ru/invest/bonds/RU000A106UB7/
96,МФК Займер выпуск 2,RU000A103CW8,493.49732,Низкий,5.0,4.52,500.2,12.0,54.24,0.0,10.99,https://www.tinkoff.ru/invest/bonds/RU000A103CW8/
97,АйДи Коллект выпуск 4,RU000A106XT3,974.9,Низкий,32.0,11.74,1000.0,12.0,140.88,23.48,14.45,https://www.tinkoff.ru/invest/bonds/RU000A106XT3/
98,Лизинг-Трейд 1P-07,RU000A105WZ4,921.0,Низкий,49.0,10.35,1000.0,12.0,124.2,41.4,13.49,https://www.tinkoff.ru/invest/bonds/RU000A105WZ4/
99,Глоракс 1P-01,RU000A105XF4,968.9,Средний,14.0,32.19,1000.0,4.0,128.76,96.57,13.29,https://www.tinkoff.ru/invest/bonds/RU000A105XF4/
100,Лизинг трейд выпуск 3,RU000A1034X1,892.0,Средний,28.0,7.83,1000.0,12.0,93.96,15.66,10.53,https://www.tinkoff.ru/invest/bonds/RU000A1034X1/
101,Соби-Лизинг 001Р-03,RU000A1078H1,998.5,Низкий,34.0,12.44,1000.0,12.0,149.28,24.88,14.95,https://www.tinkoff.ru/invest/bonds/RU000A1078H1/
102,КИФА выпуск 1,RU000A106EV9,950.8,Средний,29.0,31.41,1000.0,4.0,125.64,219.87,13.21,https://www.tinkoff.ru/invest/bonds/RU000A106EV9/
103,Нафтатранс Плюс выпуск 3,RU000A102V51,914.5,Низкий,25.0,,,,,,,https://www.tinkoff.ru/invest/bonds/RU000A102V51/
104,Роял Капитал БО-П10,RU000A1079H9,1006.9,Средний,34.0,43.33,1000.0,4.0,173.32,346.64,17.21,https://www.tinkoff.ru/invest/bonds/RU000A1079H9/
105,Реаторг 001Р-01,RU000A105BP9,983.0,Низкий,21.0,34.63,1000.0,4.0,138.52,173.15,14.09,https://www.tinkoff.ru/invest/bonds/RU000A105BP9/
106,Феррони БО-01,RU000A1053R3,1032.0,Низкий,19.0,14.27,1000.0,12.0,171.24,14.27,16.59,https://www.tinkoff.ru/invest/bonds/RU000A1053R3/
107,Неолизинг выпуск 1,RU000A106PY9,993.5,Средний,30.0,12.09,1000.0,12.0,145.08,24.18,14.6,https://www.tinkoff.ru/invest/bonds/RU000A106PY9/
108,БЭЛТИ-ГРАНД выпуск 4,RU000A103DY2,822.9525,Средний,37.0,7.83,895.0,12.0,93.96,23.49,11.42,https://www.tinkoff.ru/invest/bonds/RU000A103DY2/
109,ПЗ Пушкинское выпуск 1,RU000A104JF6,959.0,Средний,25.0,29.58,1000.0,4.0,118.32,177.48,12.34,https://www.tinkoff.ru/invest/bonds/RU000A104JF6/
110,БЭЛТИ-ГРАНД БО-П05,RU000A105427,815.575,Низкий,27.0,8.44,850.0,12.0,101.28,16.88,12.42,https://www.tinkoff.ru/invest/bonds/RU000A105427/
111,Быстроденьги 2P-03,RU000A1070G0,973.5,Низкий,38.0,14.96,1000.0,12.0,179.52,44.88,18.44,https://www.tinkoff.ru/invest/bonds/RU000A1070G0/
112,Легенда выпуск 4,RU000A102Y66,945.4,Средний,15.0,21.58,1000.0,4.0,86.32,64.74,9.13,https://www.tinkoff.ru/invest/bonds/RU000A102Y66/
113,ЭконЛиз1Р4,RU000A1067T9,928.7,Низкий,28.0,29.58,1000.0,4.0,118.32,207.06,12.74,https://www.tinkoff.ru/invest/bonds/RU000A1067T9/
114,ЭкономЛизинг 001Р-05,RU000A106R12,953.8,Низкий,31.0,33.58,1000.0,4.0,134.32,235.06,14.08,https://www.tinkoff.ru/invest/bonds/RU000A106R12/
115,Мани Капитал 001P-02,RU000A1079G1,1008.9,Средний,34.0,15.66,1000.0,12.0,187.92,31.32,18.63,https://www.tinkoff.ru/invest/bonds/RU000A1079G1/
116,МаксимаТелеком выпуск 2,RU000A102DK3,968.8,Средний,4.0,42.28,1000.0,2.0,84.56,84.56,8.73,https://www.tinkoff.ru/invest/bonds/RU000A102DK3/
117,Альфа Дон Транс выпуск 1,RU000A106Y70,1007.1,Низкий,44.0,,,,,,,https://www.tinkoff.ru/invest/bonds/RU000A106Y70/
118,ЭкономЛизинг 001Р-06,RU000A1078Y6,982.1,Низкий,34.0,43.33,1000.0,4.0,173.32,346.64,17.65,https://www.tinkoff.ru/invest/bonds/RU000A1078Y6/
119,МФК Займер выпуск 1,RU000A102TL7,993.8,Низкий,1.0,9.05,1000.0,12.0,108.6,0.0,10.93,https://www.tinkoff.ru/invest/bonds/RU000A102TL7/
120,МаксимаТелеком выпуск 1,RU000A101XD8,921.4,Средний,30.0,41.15,1000.0,2.0,82.3,617.25,8.93,https://www.tinkoff.ru/invest/bonds/RU000A101XD8/
121,Мани Капитал 001P-01,RU000A1074F4,984.1,Низкий,33.0,14.96,1000.0,12.0,179.52,29.92,18.24,https://www.tinkoff.ru/invest/bonds/RU000A1074F4/
122,МК Лизинг БО-01,RU000A107720,1005.1,Низкий,34.0,12.96,1000.0,12.0,155.52,25.92,15.47,https://www.tinkoff.ru/invest/bonds/RU000A107720/
123,Лизинг-Трейд выпуск 9,RU000A106GB6,912.6,Средний,53.0,10.0,1000.0,12.0,120.0,40.0,13.15,https://www.tinkoff.ru/invest/bonds/RU000A106GB6/
124,Глобал Факторинг Нетворк Рус БО-02-001P,RU000A1060U2,988.4,Низкий,32.0,11.74,1000.0,12.0,140.88,23.48,14.25,https://www.tinkoff.ru/invest/bonds/RU000A1060U2/
125,СПМК БО-01,RU000A105BW5,1005.5,Низкий,21.0,38.98,1000.0,4.0,155.92,194.9,15.51,https://www.tinkoff.ru/invest/bonds/RU000A105BW5/
126,СибАвтоТранс выпуск 1,RU000A105SZ2,1009.3,Низкий,37.0,38.98,1000.0,4.0,155.92,350.82,15.45,https://www.tinkoff.ru/invest/bonds/RU000A105SZ2/
127,Лизинг-Трейд 001P-06,RU000A105RF6,936.7,Низкий,47.0,10.35,1000.0,12.0,124.2,31.05,13.26,https://www.tinkoff.ru/invest/bonds/RU000A105RF6/
128,Россети Ленэнерго 001P-01,RU000A107EC7,1000.0,Средний,47.0,9.4,1000.0,12.0,112.8,28.2,11.28,https://www.tinkoff.ru/invest/bonds/RU000A107EC7/
129,Солид-Лизинг БО-001-07,RU000A105P07,868.41,Низкий,23.0,9.31,900.0,12.0,111.72,9.31,12.86,https://www.tinkoff.ru/invest/bonds/RU000A105P07/
130,Лизинг-Трейд 1P-08,RU000A106987,932.3,Низкий,51.0,10.35,1000.0,12.0,124.2,41.4,13.32,https://www.tinkoff.ru/invest/bonds/RU000A106987/
131,РСХБ выпуск T1,RU000A0ZZ4T1,742.4,Средний,,,,,,,,https://www.tinkoff.ru/invest/bonds/RU000A0ZZ4T1/
132,РСХБ 09Т1,RU000A0ZZ505,743.5,Средний,,,,,,,,https://www.tinkoff.ru/invest/bonds/RU000A0ZZ505/
133,ПИМ выпуск 1,RU000A103WD6,982.3,Низкий,9.0,28.19,1000.0,4.0,112.76,56.38,11.48,https://www.tinkoff.ru/invest/bonds/RU000A103WD6/
134,Бизнес Альянс 1Р-01,RU000A105YQ9,953.1,Низкий,26.0,32.19,1000.0,4.0,128.76,193.14,13.51,https://www.tinkoff.ru/invest/bonds/RU000A105YQ9/
135,Саммит 001P-02,RU000A107AZ6,1007.3,Средний,34.0,14.96,1000.0,12.0,179.52,29.92,17.82,https://www.tinkoff.ru/invest/bonds/RU000A107AZ6/
136,Энергоника 001Р-04,RU000A106R79,972.1,Средний,55.0,34.63,1000.0,4.0,138.52,450.19,14.25,https://www.tinkoff.ru/invest/bonds/RU000A106R79/
137,Сибстекло БО-П04,RU000A107209,1000.0,Низкий,45.0,,,,,,,https://www.tinkoff.ru/invest/bonds/RU000A107209/
138,ТЕХНО Лизинг 001Р-06,RU000A107FN1,1001.0,Средний,58.0,12.09,1000.0,12.0,145.08,48.36,14.49,https://www.tinkoff.ru/invest/bonds/RU000A107FN1/
139,СОБИЛИЗ1Р2,RU000A106AK0,854.92,Низкий,28.0,8.96,880.0,12.0,107.52,17.92,12.58,https://www.tinkoff.ru/invest/bonds/RU000A106AK0/
140,КЛС-Трейд БО-02,RU000A105QL6,1007.9,Низкий,12.0,38.98,1000.0,4.0,155.92,116.94,15.47,https://www.tinkoff.ru/invest/bonds/RU000A105QL6/
141,КОНТРОЛ лизинг выпуск 1,RU000A106T85,985.7,Низкий,55.0,11.57,1000.0,12.0,138.84,46.28,14.09,https://www.tinkoff.ru/invest/bonds/RU000A106T85/
142,ПЮДМ БО-П2,RU000A1020K7,9479.0,Низкий,18.0,92.92,10000.0,12.0,1115.04,92.92,11.76,https://www.tinkoff.ru/invest/bonds/RU000A1020K7/
143,ПР-Лизинг 002P-01,RU000A1022E6,952.4,Средний,67.0,,,,,,,https://www.tinkoff.ru/invest/bonds/RU000A1022E6/
144,Нафтатранс Плюс выпуск 5,RU000A106Y21,1025.0,Низкий,32.0,13.57,1000.0,12.0,162.84,27.14,15.89,https://www.tinkoff.ru/invest/bonds/RU000A106Y21/
145,Мосгорломбард выпуск 4,RU000A106MV2,971.0,Низкий,48.0,34.63,1000.0,4.0,138.52,415.56,14.27,https://www.tinkoff.ru/invest/bonds/RU000A106MV2/
146,Быстроденьги,RU000A104SJ9,1002.7,Низкий,15.0,14.96,1000.0,12.0,179.52,14.96,17.9,https://www.tinkoff.ru/invest/bonds/RU000A104SJ9/
147,Т.Г. Шевченко выпуск 3,RU000A104Z89,823.8,Средний,18.0,0.0,1000.0,4.0,0.0,0.0,0.0,https://www.tinkoff.ru/invest/bonds/RU000A104Z89/
148,Элит Строй выпуск 1,RU000A103M85,984.0,Средний,7.0,10.0,1000.0,12.0,120.0,0.0,12.2,https://www.tinkoff.ru/invest/bonds/RU000A103M85/
149,Сибнефтехимтрейд выпуск 1,RU000A1028H6,664.06692,Низкий,3.0,6.09,666.6,12.0,73.08,0.0,11.0,https://www.tinkoff.ru/invest/bonds/RU000A1028H6/
150,Роял Капитал БО-П08,RU000A1056Q8,988.0,Средний,20.0,34.63,1000.0,4.0,138.52,173.15,14.02,https://www.tinkoff.ru/invest/bonds/RU000A1056Q8/
151,РКС2Р3,RU000A106DV1,968.9,Средний,29.0,33.06,1000.0,4.0,132.24,231.42,13.65,https://www.tinkoff.ru/invest/bonds/RU000A106DV1/
152,ЛК Эволюция 001P-01,RU000A107GV2,1000.0,Средний,35.0,36.28,1000.0,4.0,145.12,290.24,14.51,https://www.tinkoff.ru/invest/bonds/RU000A107GV2/
153,ПР-Лизинг выпуск 2,RU000A106EP1,919.3,Средний,100.0,8.87,1000.0,12.0,106.44,70.96,11.58,https://www.tinkoff.ru/invest/bonds/RU000A106EP1/
154,ДиректЛизинг выпуск 7,RU000A103S30,778.685,Низкий,32.0,21.14,850.0,4.0,84.56,169.12,10.86,https://www.tinkoff.ru/invest/bonds/RU000A103S30/
155,Мосрегионлифт БО-01,RU000A105RU5,1017.2,Низкий,24.0,12.79,1000.0,12.0,153.48,25.58,15.09,https://www.tinkoff.ru/invest/bonds/RU000A105RU5/
156,re:Store выпуск 1,RU000A103935,962.5,Средний,5.0,17.49,1000.0,4.0,69.96,17.49,7.27,https://www.tinkoff.ru/invest/bonds/RU000A103935/
157,Вита Лайн 001Р выпуск 3,RU000A1036X6,973.3,Средний,17.0,21.66,1000.0,4.0,86.64,86.64,8.9,https://www.tinkoff.ru/invest/bonds/RU000A1036X6/
158,Энергоника 001Р-03,RU000A105492,875.61,Средний,43.0,30.45,900.0,4.0,121.8,304.5,13.91,https://www.tinkoff.ru/invest/bonds/RU000A105492/
159,Маныч-Агро,RU000A103K20,929.5,Средний,25.0,26.01,1000.0,4.0,104.04,156.06,11.19,https://www.tinkoff.ru/invest/bonds/RU000A103K20/
160,Гарант-Инвест 002P-07,RU000A106SK2,997.7,Средний,55.0,10.35,1000.0,12.0,124.2,41.4,12.45,https://www.tinkoff.ru/invest/bonds/RU000A106SK2/
161,НК Продкорпорация выпуск 1,RU000A102BF7,899.9,Низкий,26.0,38.98,1000.0,2.0,77.96,506.74,8.66,https://www.tinkoff.ru/invest/bonds/RU000A102BF7/
162,Мосгорломбард выпуск 3,RU000A106FW4,981.2,Низкий,41.0,34.63,1000.0,4.0,138.52,346.3,14.12,https://www.tinkoff.ru/invest/bonds/RU000A106FW4/
163,ПЗ Пушкинское 001Р-01,RU000A107761,1042.0,Низкий,58.0,38.98,1000.0,4.0,155.92,545.72,14.96,https://www.tinkoff.ru/invest/bonds/RU000A107761/
164,Соби-Лизинг 001P-01,RU000A105CL6,668.66,Низкий,21.0,7.66,670.0,12.0,91.92,7.66,13.75,https://www.tinkoff.ru/invest/bonds/RU000A105CL6/
165,ДАРС-Девелопмент выпуск 1,RU000A106UM4,979.0,Средний,20.0,32.19,1000.0,4.0,128.76,160.95,13.15,https://www.tinkoff.ru/invest/bonds/RU000A106UM4/
166,Ренессанс Кредит выпуск 6,RU000A102RN7,988.7,Средний,25.0,35.67,1000.0,2.0,71.34,428.04,7.22,https://www.tinkoff.ru/invest/bonds/RU000A102RN7/
167,СИБАВТО1Р2,RU000A106CB5,946.0,Низкий,53.0,31.41,1000.0,4.0,125.64,408.33,13.28,https://www.tinkoff.ru/invest/bonds/RU000A106CB5/
168,Аренза-Про выпуск 2,RU000A106GC4,950.1,Средний,29.0,9.22,1000.0,12.0,110.64,18.44,11.65,https://www.tinkoff.ru/invest/bonds/RU000A106GC4/
169,Лизинг-Трейд выпуск 2,RU000A1029F8,816.56532,Средний,9.0,6.09,833.4,12.0,73.08,0.0,8.95,https://www.tinkoff.ru/invest/bonds/RU000A1029F8/
170,Аренза-Про 001P-01,RU000A105TR7,979.7,Средний,24.0,10.35,1000.0,12.0,124.2,20.7,12.68,https://www.tinkoff.ru/invest/bonds/RU000A105TR7/
171,Лайфстрим БО-П02,RU000A1068S9,917.6,Средний,52.0,29.23,1000.0,4.0,116.92,379.99,12.74,https://www.tinkoff.ru/invest/bonds/RU000A1068S9/
172,Маныч-Агро выпуск 1,RU000A1032D7,962.8,Средний,15.0,26.01,1000.0,4.0,104.04,78.03,10.81,https://www.tinkoff.ru/invest/bonds/RU000A1032D7/
173,Сэтл Групп выпуск 3,RU000A1030X9,980.5,Высокий,3.0,18.36,1000.0,4.0,73.44,0.0,7.49,https://www.tinkoff.ru/invest/bonds/RU000A1030X9/
174,Аренза-Про выпуск 1,RU000A104C78,395.0,Средний,11.0,12.53,400.0,4.0,50.12,25.06,12.69,https://www.tinkoff.ru/invest/bonds/RU000A104C78/
175,Глобал Факторинг Нетворк Рус,RU000A105JN7,995.04,Низкий,22.0,13.66,960.0,12.0,163.92,13.66,16.47,https://www.tinkoff.ru/invest/bonds/RU000A105JN7/
176,Кармани выпуск 1,RU000A103R98,588.66,Низкий,8.0,5.39,600.0,12.0,64.68,0.0,10.99,https://www.tinkoff.ru/invest/bonds/RU000A103R98/
177,ВИС Финанс выпуск 5,RU000A107D33,1000.0,Средний,47.0,,,,,,,https://www.tinkoff.ru/invest/bonds/RU000A107D33/
178,Агротек выпуск 1,RU000A105QZ6,1002.5,Низкий,27.0,36.8,1000.0,4.0,147.2,220.8,14.68,https://www.tinkoff.ru/invest/bonds/RU000A105QZ6/
179,ДиректЛизинг 002P-01,RU000A106GY8,908.71875,Низкий,42.0,28.45,937.5,4.0,113.8,284.5,12.52,https://www.tinkoff.ru/invest/bonds/RU000A106GY8/
180,Группа Продовольствие 001P-03,RU000A106YN4,1002.0,Средний,32.0,11.4,1000.0,12.0,136.8,22.8,13.65,https://www.tinkoff.ru/invest/bonds/RU000A106YN4/
181,Сбербанк 002СУБ-02R,RU000A102HC1,8000000.0,Средний,86.0,,,,,,,https://www.tinkoff.ru/invest/bonds/RU000A102HC1/
182,Лизинг-Трейд 001P-10,RU000A107480,1027.8,Средний,56.0,14.27,1000.0,12.0,171.24,57.08,16.66,https://www.tinkoff.ru/invest/bonds/RU000A107480/
183,Газпром Капитал 001Б-02,RU000A1039A8,870000.0,Средний,,,,,,,,https://www.tinkoff.ru/invest/bonds/RU000A1039A8/
184,ХК Финанс выпуск 8,RU000A104XU6,991.8,Средний,18.0,28.19,1000.0,4.0,112.76,112.76,11.37,https://www.tinkoff.ru/invest/bonds/RU000A104XU6/
185,НПО Химтэк выпуск 1,RU000A103H25,871.02,Средний,19.0,25.32,900.0,4.0,101.28,101.28,11.63,https://www.tinkoff.ru/invest/bonds/RU000A103H25/
186,Агротек БО-03,RU000A106YL8,1003.2,Низкий,41.0,,,,,,,https://www.tinkoff.ru/invest/bonds/RU000A106YL8/
187,ТрансФин-М 001Р выпуск 4,RU000A0ZYEB1,881.6,Средний,45.0,43.33,1000.0,2.0,86.66,953.26,9.83,https://www.tinkoff.ru/invest/bonds/RU000A0ZYEB1/
188,Аэрофьюэлз 002Р-02,RU000A107AW3,999.5,Средний,35.0,34.63,1000.0,4.0,138.52,277.04,13.86,https://www.tinkoff.ru/invest/bonds/RU000A107AW3/
189,ИЭК Холдинг 001P-02,RU000A107E08,1004.0,Средний,11.0,11.57,1000.0,12.0,138.84,0.0,13.83,https://www.tinkoff.ru/invest/bonds/RU000A107E08/
190,Агротек БО-02,RU000A1065Y3,971.4,Низкий,42.0,32.19,1000.0,4.0,128.76,321.9,13.26,https://www.tinkoff.ru/invest/bonds/RU000A1065Y3/
191,КарМани выпуск 2,RU000A1058U6,830.4,Низкий,20.0,10.79,800.0,12.0,129.48,10.79,15.59,https://www.tinkoff.ru/invest/bonds/RU000A1058U6/
192,МСБ-Лизинг 002Р-06,RU000A105658,497.760176,Средний,8.0,5.13,499.96,12.0,61.56,0.0,12.37,https://www.tinkoff.ru/invest/bonds/RU000A105658/
193,Газпром Капитал БЗО26-1-Е,RU000A105QX1,79728.2443776,Средний,,,,,,,,https://www.tinkoff.ru/invest/bonds/RU000A105QX1/
194,СЕЛЛ-Сервис БО-П02,RU000A106C50,973.7,Средний,28.0,,,,,,,https://www.tinkoff.ru/invest/bonds/RU000A106C50/
195,Газпром капитал ЗО24-2-Е,RU000A105GZ7,100559.0685008,Высокий,0.0,2606.09,101578.1,1.0,2606.09,0.0,2.59,https://www.tinkoff.ru/invest/bonds/RU000A105GZ7/
196,СФО ВТБ РКС-1 выпуск 1,RU000A1032P1,886.5,Высокий,83.0,5.83,1000.0,12.0,69.96,34.98,7.89,https://www.tinkoff.ru/invest/bonds/RU000A1032P1/
197,БЭЛТИ-ГРАНД БО-П06,RU000A1076A0,1000.0,Низкий,57.0,12.09,1000.0,12.0,145.08,48.36,14.51,https://www.tinkoff.ru/invest/bonds/RU000A1076A0/
198,Аренза-Про 001P-03,RU000A107217,996.9,Низкий,58.0,,,,,,,https://www.tinkoff.ru/invest/bonds/RU000A107217/
199,ЭР-Телеком Холдинг ПБО-02-05,RU000A107BZ4,999.0,Средний,14.0,34.19,1000.0,4.0,136.76,102.57,13.69,https://www.tinkoff.ru/invest/bonds/RU000A107BZ4/
200,Элит Строй 1P-01,RU000A105YF2,980.0,Средний,26.0,10.35,1000.0,12.0,124.2,20.7,12.67,https://www.tinkoff.ru/invest/bonds/RU000A105YF2/
201,ЛК РОДЕЛЕН 002P-01,RU000A107076,1002.8,Средний,56.0,11.22,1000.0,12.0,134.64,44.88,13.43,https://www.tinkoff.ru/invest/bonds/RU000A107076/
202,Центр-Резерв БО-02,RU000A1056T2,979.925,Низкий,31.0,12.18,950.0,12.0,146.16,24.36,14.92,https://www.tinkoff.ru/invest/bonds/RU000A1056T2/
203,Т.Г. Шевченко выпуск 4,RU000A104ZU1,700.6,Средний,30.0,0.0,1000.0,4.0,0.0,0.0,0.0,https://www.tinkoff.ru/invest/bonds/RU000A104ZU1/
204,ГК ЕКС выпуск 1,RU000A104BU2,975.6,Средний,11.0,28.19,1000.0,4.0,112.76,56.38,11.56,https://www.tinkoff.ru/invest/bonds/RU000A104BU2/
205,NexTouch выпуск 1,RU000A103WZ9,967.9,Средний,9.0,24.88,1000.0,4.0,99.52,49.76,10.28,https://www.tinkoff.ru/invest/bonds/RU000A103WZ9/
206,Интерлизинг выпуск 6,RU000A106SF2,962.0,Высокий,31.0,29.23,1000.0,4.0,116.92,204.61,12.15,https://www.tinkoff.ru/invest/bonds/RU000A106SF2/
207,Реиннольц,RU000A105LS2,1042.8,Низкий,35.0,38.98,1000.0,4.0,155.92,311.84,14.95,https://www.tinkoff.ru/invest/bonds/RU000A105LS2/
208,ГК Пионер-001Р выпуск 5,RU000A102KG6,647.488,Средний,11.0,14.09,670.0,4.0,56.36,28.18,8.7,https://www.tinkoff.ru/invest/bonds/RU000A102KG6/
209,Охта Групп БО-П03,RU000A1070A3,1000.0,Низкий,33.0,,,,,,,https://www.tinkoff.ru/invest/bonds/RU000A1070A3/
210,Патриот Групп выпуск 1,RU000A105AX5,1004.6,Средний,21.0,34.63,1000.0,4.0,138.52,173.15,13.79,https://www.tinkoff.ru/invest/bonds/RU000A105AX5/
211,Петроинжиниринг выпуск 1,RU000A103RL9,959.4,Средний,32.0,21.14,1000.0,4.0,84.56,169.12,8.81,https://www.tinkoff.ru/invest/bonds/RU000A103RL9/
212,Сибэнергомаш-БКЗ выпуск 1,RU000A104K37,995.0,Средний,13.0,32.19,1000.0,4.0,128.76,96.57,12.94,https://www.tinkoff.ru/invest/bonds/RU000A104K37/
213,Брусника выпуск 2,RU000A102Y58,984.5,Средний,3.0,20.79,1000.0,4.0,83.16,0.0,8.45,https://www.tinkoff.ru/invest/bonds/RU000A102Y58/
214,Бифорком Тек выпуск 1,RU000A1037L9,978.4,Средний,5.0,22.71,1000.0,4.0,90.84,22.71,9.28,https://www.tinkoff.ru/invest/bonds/RU000A1037L9/
215,Эталон-Финанс выпуск 3,RU000A103QH9,904.0,Высокий,32.0,19.66,1000.0,4.0,78.64,157.28,8.7,https://www.tinkoff.ru/invest/bonds/RU000A103QH9/
216,Гарант-Инвест 2Р-06,RU000A106862,969.9,Средний,16.0,9.22,1000.0,12.0,110.64,9.22,11.41,https://www.tinkoff.ru/invest/bonds/RU000A106862/
217,ЧЗПСН-Профнастил БО-П2,RU000A101NJ6,956.4,Средний,16.0,,,,,,,https://www.tinkoff.ru/invest/bonds/RU000A101NJ6/
218,Росгеология выпуск 1,RU000A103SV6,952.5,Средний,8.0,38.98,1000.0,2.0,77.96,155.92,8.18,https://www.tinkoff.ru/invest/bonds/RU000A103SV6/
219,Охта Групп выпуск 2,RU000A1040V2,975.2,Низкий,10.0,27.06,1000.0,4.0,108.24,54.12,11.1,https://www.tinkoff.ru/invest/bonds/RU000A1040V2/
220,Вита Лайн 001Р выпуск 2,RU000A102B97,954.6,Средний,22.0,21.14,1000.0,4.0,84.56,105.7,8.86,https://www.tinkoff.ru/invest/bonds/RU000A102B97/
221,Завод КЭС выпуск 2,RU000A102AB8,494.05,Низкий,9.0,15.14,500.0,4.0,60.56,30.28,12.26,https://www.tinkoff.ru/invest/bonds/RU000A102AB8/
222,Интерлизинг выпуск 7,RU000A1077X0,1010.6,Средний,34.0,11.4,1000.0,12.0,136.8,22.8,13.54,https://www.tinkoff.ru/invest/bonds/RU000A1077X0/
223,Гарант-Инвест 2Р выпуск 5,RU000A105GV6,987.4,Средний,22.0,31.93,1000.0,4.0,127.72,159.65,12.93,https://www.tinkoff.ru/invest/bonds/RU000A105GV6/
224,Урожай серия 3,RU000A106J04,1010.0,Низкий,30.0,34.63,1000.0,4.0,138.52,242.41,13.71,https://www.tinkoff.ru/invest/bonds/RU000A106J04/
225,Ренессанс Кредит выпуск 4,RU000A102H83,929.2,Средний,23.0,50.11,1000.0,2.0,100.22,551.21,10.79,https://www.tinkoff.ru/invest/bonds/RU000A102H83/
226,Кировский завод выпуск 1,RU000A101S99,939.5,Средний,17.0,23.84,1000.0,4.0,95.36,95.36,10.15,https://www.tinkoff.ru/invest/bonds/RU000A101S99/
227,Сегежа,RU000A104UA4,992.9,Средний,160.0,32.19,1000.0,4.0,128.76,1287.6,12.97,https://www.tinkoff.ru/invest/bonds/RU000A104UA4/
228,ЖКХ Якутии выпуск 1,RU000A100PB0,987.5,Средний,31.0,,,,,,,https://www.tinkoff.ru/invest/bonds/RU000A100PB0/
229,Солид-Лизинг выпуск 1,RU000A104CF1,692.58,Средний,35.0,22.01,700.0,4.0,88.04,176.08,12.71,https://www.tinkoff.ru/invest/bonds/RU000A104CF1/
230,Банк ВТБ (ПАО) Б-1-346,RU000A107B35,1000.4,Средний,35.0,11.05,1000.0,12.0,132.6,22.1,13.25,https://www.tinkoff.ru/invest/bonds/RU000A107B35/
231,ТД РКС-Сочи 002Р-2,RU000A104KS7,992.9,Средний,13.0,32.19,1000.0,4.0,128.76,96.57,12.97,https://www.tinkoff.ru/invest/bonds/RU000A104KS7/
232,Новые Технологии выпуск 2,RU000A106PW3,935.2,Высокий,55.0,,,,,,,https://www.tinkoff.ru/invest/bonds/RU000A106PW3/
233,Центральная ППК выпуск 3,RU000A103F27,968.0,Средний,6.0,41.15,1000.0,2.0,82.3,123.45,8.5,https://www.tinkoff.ru/invest/bonds/RU000A103F27/
234,Проект 111 001Р-01,RU000A106U90,979.7,Средний,32.0,,,,,,,https://www.tinkoff.ru/invest/bonds/RU000A106U90/
235,Ритейл Бел Финанс 001P-01,RU000A101QF7,712.725,Средний,17.0,15.31,750.0,4.0,61.24,61.24,8.59,https://www.tinkoff.ru/invest/bonds/RU000A101QF7/
236,ГК Пионер-001P выпуск 6,RU000A104735,955.2,Средний,23.0,25.4,1000.0,4.0,101.6,127.0,10.64,https://www.tinkoff.ru/invest/bonds/RU000A104735/
237,МБЭС выпуск 2,RU000A101RJ7,959.9,Средний,77.0,26.88,1000.0,2.0,53.76,1021.44,5.6,https://www.tinkoff.ru/invest/bonds/RU000A101RJ7/
238,ГТЛК выпуск 10,RU000A0ZZ984,973.8,Средний,112.0,28.88,1000.0,4.0,115.52,808.64,11.86,https://www.tinkoff.ru/invest/bonds/RU000A0ZZ984/
239,Урожай выпуск 2,RU000A1037C8,983.8,Средний,5.0,24.88,1000.0,4.0,99.52,24.88,10.12,https://www.tinkoff.ru/invest/bonds/RU000A1037C8/
240,Европлан 001Р-02,RU000A1034J0,245.15,Высокий,4.0,4.18,250.0,4.0,16.72,4.18,6.82,https://www.tinkoff.ru/invest/bonds/RU000A1034J0/
241,ХКФ Банк выпуск 4,RU000A103760,853.1,Высокий,29.0,17.31,1000.0,4.0,69.24,121.17,8.12,https://www.tinkoff.ru/invest/bonds/RU000A103760/
242,Брусника выпуск 2Р-1,RU000A1048A9,966.0,Средний,17.0,25.66,1000.0,4.0,102.64,102.64,10.63,https://www.tinkoff.ru/invest/bonds/RU000A1048A9/
243,СЭЗ им. Серго Орджоникидзе выпуск 2,RU000A102556,871.9,Средний,44.0,22.62,1000.0,4.0,90.48,248.82,10.38,https://www.tinkoff.ru/invest/bonds/RU000A102556/
244,ХКФ Банк выпуск 7,RU000A102RF3,989.9,Средний,25.0,14.79,1000.0,4.0,59.16,88.74,5.98,https://www.tinkoff.ru/invest/bonds/RU000A102RF3/
245,ЭнергоТехСервис выпуск 4,RU000A103828,568.3392,Высокий,17.0,12.79,598.0,4.0,51.16,51.16,9.0,https://www.tinkoff.ru/invest/bonds/RU000A103828/
246,Вита Лайн 001Р выпуск 1,RU000A102200,967.2,Средний,7.0,21.66,1000.0,4.0,86.64,21.66,8.96,https://www.tinkoff.ru/invest/bonds/RU000A102200/
247,ЛК Дельта выпуск 1,RU000A103CD8,741.0,Средний,6.0,17.05,750.0,4.0,68.2,17.05,9.2,https://www.tinkoff.ru/invest/bonds/RU000A103CD8/
248,Электрощит-Стройсистема выпуск 2,RU000A101UD4,970.0,Средний,17.0,,,,,,,https://www.tinkoff.ru/invest/bonds/RU000A101UD4/
249,ЛК РОДЕЛЕН 001P-04,RU000A105SK4,984.0,Средний,48.0,,,,,,,https://www.tinkoff.ru/invest/bonds/RU000A105SK4/
250,Инкаб выпуск 1,RU000A1049M2,983.8,Средний,11.0,29.23,1000.0,4.0,116.92,58.46,11.88,https://www.tinkoff.ru/invest/bonds/RU000A1049M2/
251,ЭнергоТехСервис 001P-05,RU000A107D74,1017.0,Средний,23.0,11.57,1000.0,12.0,138.84,11.57,13.65,https://www.tinkoff.ru/invest/bonds/RU000A107D74/
252,Асфальтобетонный завод № 1 выпуск 4,RU000A1065B1,977.9,Средний,27.0,29.75,1000.0,4.0,119.0,178.5,12.17,https://www.tinkoff.ru/invest/bonds/RU000A1065B1/
253,Т.Г. Шевченко выпуск 2,RU000A101P92,979.3,Средний,16.0,28.19,1000.0,4.0,112.76,112.76,11.51,https://www.tinkoff.ru/invest/bonds/RU000A101P92/
254,ГТЛК выпуск 3,RU000A0JXE06,995.1,Средний,96.0,23.84,1000.0,4.0,95.36,572.16,9.58,https://www.tinkoff.ru/invest/bonds/RU000A0JXE06/
255,ГК Самолет выпуск 11,RU000A104JQ3,970.0,Высокий,49.0,55.07,1000.0,2.0,110.14,1321.68,11.35,https://www.tinkoff.ru/invest/bonds/RU000A104JQ3/
256,ГК Самолет выпуск 10,RU000A103L03,962.9,Высокий,7.0,19.84,1000.0,4.0,79.36,19.84,8.24,https://www.tinkoff.ru/invest/bonds/RU000A103L03/
257,АФК Система выпуск 13,RU000A101Q26,966.4,Высокий,76.0,,,,,,,https://www.tinkoff.ru/invest/bonds/RU000A101Q26/
258,ГТЛК 002P выпуск 1,RU000A102VR0,950.6,Средний,146.0,16.96,1000.0,4.0,67.84,610.56,7.14,https://www.tinkoff.ru/invest/bonds/RU000A102VR0/
259,Экспобанк 001Р-01,RU000A103RT2,957.3,Средний,8.0,19.49,1000.0,4.0,77.96,38.98,8.14,https://www.tinkoff.ru/invest/bonds/RU000A103RT2/
260,АФК Система выпуск 19,RU000A102SX4,917.9,Высокий,85.0,,,,,,,https://www.tinkoff.ru/invest/bonds/RU000A102SX4/
261,Хайтэк-Интеграция,RU000A104TM1,1004.9,Средний,16.0,41.15,1000.0,4.0,164.6,164.6,16.38,https://www.tinkoff.ru/invest/bonds/RU000A104TM1/
262,ГТЛК выпуск 9,RU000A0ZZ1J8,947.0,Средний,110.0,15.92,1000.0,4.0,63.68,429.84,6.72,https://www.tinkoff.ru/invest/bonds/RU000A0ZZ1J8/
263,ЛК РОДЕЛЕН 001P-03,RU000A105M59,1001.2,Средний,46.0,,,,,,,https://www.tinkoff.ru/invest/bonds/RU000A105M59/
264,Практика ЛК 001P-02,RU000A1074N8,1010.0,Средний,34.0,11.57,1000.0,12.0,138.84,23.14,13.75,https://www.tinkoff.ru/invest/bonds/RU000A1074N8/
265,ЛСР выпуск 4,RU000A100WA8,381.52,Высокий,9.0,7.31,400.0,4.0,29.24,14.62,7.66,https://www.tinkoff.ru/invest/bonds/RU000A100WA8/
266,Моторика БО-01,RU000A1071Q7,1005.0,Средний,33.0,,,,,,,https://www.tinkoff.ru/invest/bonds/RU000A1071Q7/
267,ТрансФин-М 001Р-07,RU000A103M36,967.3,Средний,91.0,21.23,1000.0,4.0,84.92,467.06,8.78,https://www.tinkoff.ru/invest/bonds/RU000A103M36/
268,О'КЕЙ 001P выпуск 1,RU000A105FM7,929.5,Высокий,106.0,24.88,1000.0,4.0,99.52,646.88,10.71,https://www.tinkoff.ru/invest/bonds/RU000A105FM7/
269,Тинькофф Ипотечный Агент выпуск 1,RU000A103D37,185.23652,Высокий,122.0,3.22,188.44,4.0,12.88,96.6,6.95,https://www.tinkoff.ru/invest/bonds/RU000A103D37/
270,ФЭС-Агро выпуск 1,RU000A106P63,978.9,Средний,31.0,29.58,1000.0,4.0,118.32,207.06,12.09,https://www.tinkoff.ru/invest/bonds/RU000A106P63/
271,МКБ 001Р выпуск 3,RU000A103FP5,963.0,Высокий,6.0,36.19,1000.0,2.0,72.38,108.57,7.52,https://www.tinkoff.ru/invest/bonds/RU000A103FP5/
272,Группа Продовольствие 001P-01,RU000A103455,990.0,Средний,4.0,8.53,1000.0,12.0,102.36,0.0,10.34,https://www.tinkoff.ru/invest/bonds/RU000A103455/
273,ВИС Финанс выпуск 3,RU000A1060Y4,960.1,Высокий,27.0,27.93,1000.0,4.0,111.72,167.58,11.64,https://www.tinkoff.ru/invest/bonds/RU000A1060Y4/
274,РЕСО-Лизинг БО-П выпуск 11,RU000A103C53,968.4,Средний,89.0,,,,,,,https://www.tinkoff.ru/invest/bonds/RU000A103C53/
275,Эталон выпуск 002Р-01,RU000A105VU7,974.4,Высокий,169.0,29.67,1000.0,4.0,118.68,1246.14,12.18,https://www.tinkoff.ru/invest/bonds/RU000A105VU7/
276,НПФ МИКРАН выпуск 1,RU000A106F08,949.0,Средний,29.0,,,,,,,https://www.tinkoff.ru/invest/bonds/RU000A106F08/
277,ЭР-Телеком Холдинг выпуск 3,RU000A106JV8,959.6,Высокий,18.0,26.01,1000.0,4.0,104.04,104.04,10.84,https://www.tinkoff.ru/invest/bonds/RU000A106JV8/
278,Лизинг-Трейд выпуск 4,RU000A104XE0,1000.5,Средний,41.0,10.7,1000.0,12.0,128.4,32.1,12.83,https://www.tinkoff.ru/invest/bonds/RU000A104XE0/
279,Азбука Вкуса выпуск 2,RU000A105WR1,949.8,Средний,109.0,22.18,1000.0,4.0,88.72,598.86,9.34,https://www.tinkoff.ru/invest/bonds/RU000A105WR1/
280,ММЦБ выпуск 2,RU000A105054,969.9,Средний,36.0,,,,,,,https://www.tinkoff.ru/invest/bonds/RU000A105054/
281,СГ-транс выпуск 1,RU000A103YP6,960.2,Высокий,33.0,21.4,1000.0,4.0,85.6,171.2,8.91,https://www.tinkoff.ru/invest/bonds/RU000A103YP6/
282,ГТЛК 001P-20,RU000A1038M5,968.9,Низкий,149.0,16.96,1000.0,4.0,67.84,627.52,7.0,https://www.tinkoff.ru/invest/bonds/RU000A1038M5/
283,ГТЛК выпуск 17,RU000A101QL5,850.0,Средний,136.0,16.09,1000.0,4.0,64.36,547.06,7.57,https://www.tinkoff.ru/invest/bonds/RU000A101QL5/
284,Синара - Транспортные Машины выпуск 2,RU000A103G00,865.0,Средний,30.0,37.67,1000.0,2.0,75.34,565.05,8.71,https://www.tinkoff.ru/invest/bonds/RU000A103G00/
285,Сибстекло БО-П03,RU000A105C93,1001.6,Средний,21.0,12.09,1000.0,12.0,145.08,12.09,14.48,https://www.tinkoff.ru/invest/bonds/RU000A105C93/
286,Светофор Групп выпуск 2,RU000A1020W2,678.23,Средний,19.0,18.18,700.0,4.0,72.72,72.72,10.72,https://www.tinkoff.ru/invest/bonds/RU000A1020W2/
287,Балтийский лизинг БО-П06,RU000A1058M3,952.1,Высокий,20.0,47.24,1000.0,2.0,94.48,472.4,9.92,https://www.tinkoff.ru/invest/bonds/RU000A1058M3/
288,Балтийский лизинг БО-П04,RU000A103M10,491.466,Высокий,7.0,9.13,505.0,4.0,36.52,9.13,7.43,https://www.tinkoff.ru/invest/bonds/RU000A103M10/
289,Электрорешения выпуск 1,RU000A106HF5,945.6,Средний,30.0,26.62,1000.0,4.0,106.48,186.34,11.26,https://www.tinkoff.ru/invest/bonds/RU000A106HF5/
290,АФК Система выпуск 10,RU000A1008J4,917.5,Средний,62.0,,,,,,,https://www.tinkoff.ru/invest/bonds/RU000A1008J4/
291,Делимобиль выпуск 1,RU000A1052T1,972.7,Высокий,19.0,28.19,1000.0,4.0,112.76,112.76,11.59,https://www.tinkoff.ru/invest/bonds/RU000A1052T1/
292,АФК Система выпуск 17,RU000A102FT9,891.1,Высокий,82.0,,,,,,,https://www.tinkoff.ru/invest/bonds/RU000A102FT9/
293,Лизинг-Трейд 001P-05,RU000A1053H4,1000.5,Средний,42.0,10.7,1000.0,12.0,128.4,32.1,12.83,https://www.tinkoff.ru/invest/bonds/RU000A1053H4/
294,Элемент Лизинг 001P выпуск 6,RU000A1071U9,953.5737,Средний,33.0,10.44,944.6,12.0,125.28,20.88,13.14,https://www.tinkoff.ru/invest/bonds/RU000A1071U9/
295,Балтийский лизинг БО-П08,RU000A106EM8,947.4,Высокий,113.0,7.57,1000.0,12.0,90.84,68.13,9.59,https://www.tinkoff.ru/invest/bonds/RU000A106EM8/
296,Первое коллекторское бюро 001Р выпуск 2,RU000A103RJ3,674.31,Средний,20.0,16.27,700.0,4.0,65.08,81.35,9.65,https://www.tinkoff.ru/invest/bonds/RU000A103RJ3/
297,АФК Система выпуск 20,RU000A103372,863.4,Средний,88.0,,,,,,,https://www.tinkoff.ru/invest/bonds/RU000A103372/
298,Тойота Банк выпуск 5,RU000A104L36,955.7,Высокий,14.0,47.85,1000.0,2.0,95.7,334.95,10.01,https://www.tinkoff.ru/invest/bonds/RU000A104L36/
299,Европлан БО 03,RU000A100W60,965.8,Высокий,68.0,43.33,1000.0,2.0,86.66,1473.22,8.97,https://www.tinkoff.ru/invest/bonds/RU000A100W60/
300,Автодом выпуск 1,RU000A104CJ3,976.1,Средний,11.0,26.54,1000.0,4.0,106.16,53.08,10.88,https://www.tinkoff.ru/invest/bonds/RU000A104CJ3/
301,АФК Система выпуск 23,RU000A104693,910.0,Средний,94.0,,,,,,,https://www.tinkoff.ru/invest/bonds/RU000A104693/
302,Почта России,RU000A101ZH4,949.3,Высокий,78.0,25.58,1000.0,2.0,51.16,997.62,5.39,https://www.tinkoff.ru/invest/bonds/RU000A101ZH4/
303,АФК Система выпуск 18,RU000A102SV8,990.8,Высокий,85.0,29.49,1000.0,4.0,117.96,619.29,11.91,https://www.tinkoff.ru/invest/bonds/RU000A102SV8/
304,Джи-групп 2Р-03,RU000A106Z38,1007.0,Высокий,33.0,33.32,1000.0,4.0,133.28,266.56,13.24,https://www.tinkoff.ru/invest/bonds/RU000A106Z38/
305,Промсвязьбанк 003Р-05,RU000A1038F9,968.5,Средний,5.0,32.19,1000.0,2.0,64.38,64.38,6.65,https://www.tinkoff.ru/invest/bonds/RU000A1038F9/
306,ВИС Финанс выпуск 1,RU000A102952,1001.0,Высокий,45.0,,,,,,,https://www.tinkoff.ru/invest/bonds/RU000A102952/
307,Ритейл Бел Финанс 001P-02,RU000A102TR4,917.0,Средний,26.0,,,,,,,https://www.tinkoff.ru/invest/bonds/RU000A102TR4/
308,Европлан 001Р-03,RU000A103KJ8,933.5,Высокий,91.0,37.06,1000.0,2.0,74.12,1667.7,7.94,https://www.tinkoff.ru/invest/bonds/RU000A103KJ8/
309,АФК Система выпуск 24,RU000A105L27,918.0,Высокий,106.0,,,,,,,https://www.tinkoff.ru/invest/bonds/RU000A105L27/
310,ЕАБР,RU000A1050H0,919.2,Высокий,19.0,40.54,1000.0,2.0,81.08,364.86,8.82,https://www.tinkoff.ru/invest/bonds/RU000A1050H0/
311,Гидромашсервис БО выпуск 3,RU000A1026H0,981.5,Высокий,80.0,54.2,1000.0,2.0,108.4,2168.0,11.04,https://www.tinkoff.ru/invest/bonds/RU000A1026H0/
312,Синара - Транспортные Машины выпуск 3,RU000A105M91,944.5,Высокий,47.0,24.88,1000.0,4.0,99.52,273.68,10.54,https://www.tinkoff.ru/invest/bonds/RU000A105M91/
313,ВИС Финанс выпуск 4,RU000A106EZ0,958.5,Средний,31.0,27.93,1000.0,4.0,111.72,195.51,11.66,https://www.tinkoff.ru/invest/bonds/RU000A106EZ0/
314,КЛВЗ Кристалл выпуск 1,RU000A105Y14,979.5,Средний,26.0,29.23,1000.0,4.0,116.92,175.38,11.94,https://www.tinkoff.ru/invest/bonds/RU000A105Y14/
315,ГТЛК выпуск 13,RU000A1003A4,872.3,Средний,120.0,20.71,1000.0,4.0,82.84,621.3,9.5,https://www.tinkoff.ru/invest/bonds/RU000A1003A4/
316,Сбербанк 002СУБ-03R,RU000A103Q24,8400000.0,Средний,94.0,,,,,,,https://www.tinkoff.ru/invest/bonds/RU000A103Q24/
317,Селектел выпуск 1,RU000A102SG9,989.9,Высокий,1.0,36.8,1000.0,2.0,73.6,0.0,7.44,https://www.tinkoff.ru/invest/bonds/RU000A102SG9/
318,Аэрофьюэлз выпуск 2,RU000A103SZ7,965.0,Средний,8.0,21.4,1000.0,4.0,85.6,42.8,8.87,https://www.tinkoff.ru/invest/bonds/RU000A103SZ7/
319,АФК Система выпуск 8,RU000A0ZYWU3,962.3,Высокий,49.0,,,,,,,https://www.tinkoff.ru/invest/bonds/RU000A0ZYWU3/
320,АФК Система выпуск 9,RU000A1005L6,931.9,Высокий,61.0,,,,,,,https://www.tinkoff.ru/invest/bonds/RU000A1005L6/
321,АФК Система выпуск 12,RU000A101012,942.7,Высокий,69.0,,,,,,,https://www.tinkoff.ru/invest/bonds/RU000A101012/
322,ВТБ Б-1-343,RU000A106TM6,1009.0,Высокий,32.0,11.05,1000.0,12.0,132.6,22.1,13.14,https://www.tinkoff.ru/invest/bonds/RU000A106TM6/
323,ГТЛК 002Р-02,RU000A105KB0,928.0,Низкий,166.0,25.32,1000.0,4.0,101.28,1038.12,10.91,https://www.tinkoff.ru/invest/bonds/RU000A105KB0/
324,О'КЕЙ выпуск 5,RU000A106AH6,939.8,Высокий,112.0,25.4,1000.0,4.0,101.6,711.2,10.81,https://www.tinkoff.ru/invest/bonds/RU000A106AH6/
325,АФК Система выпуск 7,RU000A0ZYQY7,889.3,Высокий,48.0,,,,,,,https://www.tinkoff.ru/invest/bonds/RU000A0ZYQY7/
326,Асфальтобетонный завод № 1 выпуск 3,RU000A105SX7,993.4,Средний,25.0,30.88,1000.0,4.0,123.52,185.28,12.43,https://www.tinkoff.ru/invest/bonds/RU000A105SX7/
327,МСБ-Лизинг 002P выпуск 5,RU000A103VD8,917.99568,Средний,32.0,8.27,944.44,12.0,99.24,16.54,10.81,https://www.tinkoff.ru/invest/bonds/RU000A103VD8/
328,ЛСР выпуск 6,RU000A102T63,920.0,Высокий,25.0,17.31,1000.0,4.0,69.24,103.86,7.53,https://www.tinkoff.ru/invest/bonds/RU000A102T63/
329,Завод КЭС выпуск 3,RU000A105AW7,1086.8,Низкий,33.0,43.33,1000.0,4.0,173.32,346.64,15.95,https://www.tinkoff.ru/invest/bonds/RU000A105AW7/
330,ЛСР выпуск 5,RU000A100ZL8,380.56,Высокий,9.0,7.22,400.0,4.0,28.88,14.44,7.59,https://www.tinkoff.ru/invest/bonds/RU000A100ZL8/
331,ЕвразХолдинг Финанс 002P-01R,RU000A100P85,961.4,Высокий,7.0,34.45,1000.0,2.0,68.9,103.35,7.17,https://www.tinkoff.ru/invest/bonds/RU000A100P85/
332,Whoosh выпуск 2,RU000A106HB4,939.3,Высокий,30.0,25.58,1000.0,4.0,102.32,179.06,10.89,https://www.tinkoff.ru/invest/bonds/RU000A106HB4/
333,ЭР-Телеком Холдинг,RU000A1058K7,978.0,Высокий,11.0,26.62,1000.0,4.0,106.48,53.24,10.89,https://www.tinkoff.ru/invest/bonds/RU000A1058K7/
334,РЕСО-Лизинг БО-П выпуск 8,RU000A102K39,1001.7,Высокий,83.0,65.86,1000.0,2.0,131.72,2700.26,13.15,https://www.tinkoff.ru/invest/bonds/RU000A102K39/
335,РЕСО-Лизинг БО-П выпуск 7,RU000A100XU4,953.9,Средний,9.0,37.5,1000.0,2.0,75.0,150.0,7.86,https://www.tinkoff.ru/invest/bonds/RU000A100XU4/
336,Сэтл Групп 2Р-02,RU000A105X64,953.6,Высокий,26.0,26.45,1000.0,4.0,105.8,158.7,11.09,https://www.tinkoff.ru/invest/bonds/RU000A105X64/
337,Делимобиль 1Р-02,RU000A106A86,959.8,Высокий,28.0,27.49,1000.0,4.0,109.96,192.43,11.46,https://www.tinkoff.ru/invest/bonds/RU000A106A86/
338,АБЗ-1 001Р-05,RU000A1070X5,1000.5,Средний,33.0,11.74,1000.0,12.0,140.88,23.48,14.08,https://www.tinkoff.ru/invest/bonds/RU000A1070X5/
339,Артген выпуск 1,RU000A103DT2,914.0,Средний,30.0,,,,,,,https://www.tinkoff.ru/invest/bonds/RU000A103DT2/
340,Уралкалий выпуск 6,RU000A101GZ6,915.6,Высокий,13.0,29.67,1000.0,2.0,59.34,178.02,6.48,https://www.tinkoff.ru/invest/bonds/RU000A101GZ6/
341,Европлан БО 05,RU000A1004K1,925.5,Высокий,61.0,33.32,1000.0,2.0,66.64,999.6,7.2,https://www.tinkoff.ru/invest/bonds/RU000A1004K1/
342,Истринская Сыроварня выпуск 2,RU000A106SL0,1000.0,Средний,31.0,,,,,,,https://www.tinkoff.ru/invest/bonds/RU000A106SL0/
343,Новые технологии,RU000A105DL4,976.8,Высокий,46.0,58.55,1000.0,2.0,117.1,1346.65,11.99,https://www.tinkoff.ru/invest/bonds/RU000A105DL4/
344,Группа Продовольствие 001P-02,RU000A105EP3,992.0,Средний,21.0,10.7,1000.0,12.0,128.4,10.7,12.94,https://www.tinkoff.ru/invest/bonds/RU000A105EP3/
345,Гарант-Инвест БО 001P-05,RU000A1005T9,199.22,Средний,3.0,5.22,200.0,4.0,20.88,0.0,10.48,https://www.tinkoff.ru/invest/bonds/RU000A1005T9/
346,ЯТЭК выпуск 2,RU000A102ZH2,762.4,Высокий,15.0,31.32,800.0,2.0,62.64,219.24,8.22,https://www.tinkoff.ru/invest/bonds/RU000A102ZH2/
347,Банк Открытие БО-П выпуск 7,RU000A102R73,989.9,Высокий,25.0,27.06,1000.0,2.0,54.12,324.72,5.47,https://www.tinkoff.ru/invest/bonds/RU000A102R73/
348,ФЭС-Агро выпуск 2,RU000A1030N0,992.5,Средний,3.0,23.84,1000.0,4.0,95.36,0.0,9.61,https://www.tinkoff.ru/invest/bonds/RU000A1030N0/
349,HENDERSON выпуск 1,RU000A103Q08,654.615,Высокий,14.0,15.31,675.0,4.0,61.24,45.93,9.36,https://www.tinkoff.ru/invest/bonds/RU000A103Q08/
350,Биннофарм Групп выпуск 2,RU000A104Z71,974.7,Высокий,162.0,21.75,1000.0,4.0,87.0,870.0,8.93,https://www.tinkoff.ru/invest/bonds/RU000A104Z71/
351,АФК Система выпуск 15,RU000A1023K1,948.3,Высокий,79.0,,,,,,,https://www.tinkoff.ru/invest/bonds/RU000A1023K1/
352,ЕАБР 003P-006,RU000A105V90,917.2,Высокий,25.0,44.89,1000.0,2.0,89.78,538.68,9.79,https://www.tinkoff.ru/invest/bonds/RU000A105V90/
353,О'КЕЙ выпуск 3,RU000A1014B9,482.95,Высокий,10.0,8.44,500.0,4.0,33.76,16.88,6.99,https://www.tinkoff.ru/invest/bonds/RU000A1014B9/
354,ГТЛК выпуск 15,RU000A100Z91,367.92,Средний,21.0,6.61,400.0,4.0,26.44,33.05,7.19,https://www.tinkoff.ru/invest/bonds/RU000A100Z91/
355,Заслон выпуск 1,RU000A1064X8,955.8,Средний,27.0,54.2,1000.0,2.0,108.4,704.6,11.34,https://www.tinkoff.ru/invest/bonds/RU000A1064X8/
356,ГТЛК выпуск 7,RU000A0ZYNY4,931.0,Средний,108.0,25.32,1000.0,4.0,101.28,683.64,10.88,https://www.tinkoff.ru/invest/bonds/RU000A0ZYNY4/
357,ЛСР выпуск 7,RU000A103PX8,905.0,Высокий,32.0,18.7,1000.0,4.0,74.8,149.6,8.27,https://www.tinkoff.ru/invest/bonds/RU000A103PX8/
358,АФК Система выпуск 11,RU000A100N12,894.7,Высокий,66.0,,,,,,,https://www.tinkoff.ru/invest/bonds/RU000A100N12/
359,СФО ВТБ РКС Эталон,RU000A105G99,927.3,Высокий,75.0,8.09,1000.0,12.0,97.08,48.54,10.47,https://www.tinkoff.ru/invest/bonds/RU000A105G99/
360,АФК Система выпуск 21,RU000A103C95,869.1,Высокий,89.0,,,,,,,https://www.tinkoff.ru/invest/bonds/RU000A103C95/
361,ПРОМОМЕД ДМ выпуск 2,RU000A103G91,971.2,Средний,6.0,40.98,1000.0,2.0,81.96,122.94,8.44,https://www.tinkoff.ru/invest/bonds/RU000A103G91/
362,ПРОМОМЕД ДМ 2P-01,RU000A1061A2,947.5,Средний,27.0,52.2,1000.0,2.0,104.4,678.6,11.02,https://www.tinkoff.ru/invest/bonds/RU000A1061A2/
363,Сэтл Групп выпуск 4,RU000A103WQ8,941.9,Средний,15.0,20.45,1000.0,4.0,81.8,61.35,8.68,https://www.tinkoff.ru/invest/bonds/RU000A103WQ8/
364,СУЭК-Финанс выпуск 6,RU000A102986,973.4,Высокий,81.0,29.06,1000.0,2.0,58.12,1162.4,5.97,https://www.tinkoff.ru/invest/bonds/RU000A102986/
365,АФК Система выпуск 14,RU000A101XN7,897.6,Средний,78.0,,,,,,,https://www.tinkoff.ru/invest/bonds/RU000A101XN7/
366,Частная пивоварня Афанасий БО-01,RU000A107225,1005.4,Средний,33.0,,,,,,,https://www.tinkoff.ru/invest/bonds/RU000A107225/
367,Ульяновская область 34006,RU000A1077U6,1000.5,Средний,28.0,31.41,1000.0,4.0,125.64,219.87,12.56,https://www.tinkoff.ru/invest/bonds/RU000A1077U6/
368,ГТЛК выпуск 18,RU000A101SC0,820.0,Низкий,136.0,16.96,1000.0,4.0,67.84,576.64,8.27,https://www.tinkoff.ru/invest/bonds/RU000A101SC0/
369,Европлан БО 08,RU000A0ZZBV2,935.7,Высокий,53.0,44.89,1000.0,2.0,89.78,1167.14,9.59,https://www.tinkoff.ru/invest/bonds/RU000A0ZZBV2/
370,Республика Беларусь выпуск 7,RU000A100D89,926.4,Средний,16.0,36.8,1000.0,2.0,73.6,294.4,7.94,https://www.tinkoff.ru/invest/bonds/RU000A100D89/
371,Джи-групп 2Р-02,RU000A105Q97,1000.2,Высокий,6.0,31.41,1000.0,4.0,125.64,31.41,12.56,https://www.tinkoff.ru/invest/bonds/RU000A105Q97/
372,ЕвроТранс БО-001P-03,RU000A1061K1,985.0,Средний,38.0,9.66,1000.0,12.0,115.92,28.98,11.77,https://www.tinkoff.ru/invest/bonds/RU000A1061K1/
373,ХК Финанс выпуск 6,RU000A102W68,984.6,Средний,2.0,15.66,1000.0,4.0,62.64,0.0,6.36,https://www.tinkoff.ru/invest/bonds/RU000A102W68/
374,ГТЛК выпуск 19,RU000A101SD8,792.0,Низкий,136.0,17.23,1000.0,4.0,68.92,585.82,8.7,https://www.tinkoff.ru/invest/bonds/RU000A101SD8/
375,Медси выпуск 001P-03,RU000A106K27,937.5,Высокий,174.0,,,,,,,https://www.tinkoff.ru/invest/bonds/RU000A106K27/
376,ПР-Лизинг выпуск 3,RU000A100Q35,973.7,Средний,30.0,7.83,1000.0,12.0,93.96,15.66,9.65,https://www.tinkoff.ru/invest/bonds/RU000A100Q35/
377,ГТЛК выпуск 16,RU000A101GD3,545.0,Средний,49.0,9.4,625.0,4.0,37.6,112.8,6.9,https://www.tinkoff.ru/invest/bonds/RU000A101GD3/
378,О'КЕЙ выпуск 4,RU000A102BK7,807.8,Высокий,81.0,21.4,1000.0,4.0,85.6,428.0,10.6,https://www.tinkoff.ru/invest/bonds/RU000A102BK7/
379,Европлан выпуск 6,RU000A106F40,949.8,Высокий,17.0,22.18,1000.0,4.0,88.72,88.72,9.34,https://www.tinkoff.ru/invest/bonds/RU000A106F40/
380,Балтийский лизинг БО-П03,RU000A101Z66,366.0,Высокий,6.0,5.74,375.0,4.0,22.96,5.74,6.27,https://www.tinkoff.ru/invest/bonds/RU000A101Z66/
381,ИЭК Холдинг 001P-01,RU000A105PR5,971.9,Высокий,23.0,27.49,1000.0,4.0,109.96,137.45,11.31,https://www.tinkoff.ru/invest/bonds/RU000A105PR5/
382,Автодор БО-3 выпуск 1,RU000A102H91,781.2455,Средний,23.0,26.19,895.0,2.0,52.38,288.09,6.7,https://www.tinkoff.ru/invest/bonds/RU000A102H91/
383,Первое коллекторское бюро 001Р выпуск 3,RU000A1047S3,784.0,Средний,23.0,21.23,800.0,4.0,84.92,106.15,10.83,https://www.tinkoff.ru/invest/bonds/RU000A1047S3/
384,ПИК-Корпорация выпуск 2,RU000A1016Z3,478.55,Высокий,11.0,8.87,500.0,4.0,35.48,17.74,7.41,https://www.tinkoff.ru/invest/bonds/RU000A1016Z3/
385,РСХБ 08Т1,RU000A0JWV63,992.1,Средний,,,,,,,,https://www.tinkoff.ru/invest/bonds/RU000A0JWV63/
386,Новотранс выпуск 2,RU000A103133,935.0,Высокий,27.0,19.84,1000.0,4.0,79.36,119.04,8.49,https://www.tinkoff.ru/invest/bonds/RU000A103133/
387,ТМК 001Р выпуск 2,RU000A102SC8,990.0,Высокий,1.0,15.49,1000.0,4.0,61.96,0.0,6.26,https://www.tinkoff.ru/invest/bonds/RU000A102SC8/
388,Газпром капитал выпуск 5,RU000A0JXFS8,993.5,Высокий,37.0,38.54,1000.0,2.0,77.08,693.72,7.76,https://www.tinkoff.ru/invest/bonds/RU000A0JXFS8/
389,ГК Самолет выпуск 9,RU000A102RX6,992.5,Высокий,1.0,39.24,1000.0,2.0,78.48,0.0,7.91,https://www.tinkoff.ru/invest/bonds/RU000A102RX6/
390,РЕСОЛиБП22,RU000A106DP3,926.9,Средний,113.0,,,,,,,https://www.tinkoff.ru/invest/bonds/RU000A106DP3/
391,Делимобиль 1Р-03,RU000A106UW3,989.2,Высокий,43.0,9.74,1000.0,12.0,116.88,29.22,11.82,https://www.tinkoff.ru/invest/bonds/RU000A106UW3/
392,Кыргызская Республика выпуск 01 RUB,KG000A3LSJ06,100.04,Средний,23.0,3.13,100.0,4.0,12.52,15.65,12.51,https://www.tinkoff.ru/invest/bonds/KG000A3LSJ06/
393,Медси выпуск 001Р-02,RU000A105YB1,927.9,Высокий,169.0,21.75,1000.0,4.0,87.0,913.5,9.38,https://www.tinkoff.ru/invest/bonds/RU000A105YB1/
394,Ульяновская область,RU000A101U61,871.9,Средний,41.0,28.62,1000.0,2.0,57.24,572.4,6.56,https://www.tinkoff.ru/invest/bonds/RU000A101U61/
395,Синара - Транспортные Машины выпуск 1,RU000A1035D0,974.0,Высокий,4.0,35.06,1000.0,2.0,70.12,70.12,7.2,https://www.tinkoff.ru/invest/bonds/RU000A1035D0/
